<?xml version="1.0" encoding="UTF-8" ?>
<!DOCTYPE mapper PUBLIC "-//mybatis.org//DTD Mapper 3.0//EN" "http://mybatis.org/dtd/mybatis-3-mapper.dtd" >
<mapper namespace="com.gtercn.wowonderful.cms.dao.WeixinConfigLogMapper" >
  <resultMap id="BaseResultMap" type="com.gtercn.wowonderful.cms.entity.WeixinConfigLog" >
    <id column="id" property="id" jdbcType="CHAR" />
    <result column="configid" property="configid" jdbcType="CHAR" />
    <result column="orgid" property="orgid" jdbcType="CHAR" />
    <result column="serviceid" property="serviceid" jdbcType="CHAR" />
    <result column="originalid" property="originalid" jdbcType="CHAR" />
    <result column="appid" property="appid" jdbcType="CHAR" />
    <result column="appsecret" property="appsecret" jdbcType="CHAR" />
    <result column="token" property="token" jdbcType="CHAR" />
    <result column="encoding_mode" property="encodingMode" jdbcType="CHAR" />
    <result column="encoding_aeskey" property="encodingAeskey" jdbcType="CHAR" />
    <result column="access_token" property="accessToken" jdbcType="CHAR" />
    <result column="access_token_time" property="accessTokenTime" jdbcType="TIMESTAMP" />
    <result column="access_js_ticket" property="accessJsTicket" jdbcType="CHAR" />
    <result column="access_js_ticket_time" property="accessJsTicketTime" jdbcType="TIMESTAMP" />
    <result column="createid" property="createid" jdbcType="VARCHAR" />
    <result column="create_date" property="createDate" jdbcType="TIMESTAMP" />
    <result column="modifyid" property="modifyid" jdbcType="VARCHAR" />
    <result column="modify_date" property="modifyDate" jdbcType="TIMESTAMP" />
  </resultMap>
  <sql id="Base_Column_List" >
    id, configid, orgid, serviceid, originalid, appid, appsecret, token, encoding_mode, 
    encoding_aeskey, access_token, access_token_time, access_js_ticket, access_js_ticket_time, 
    createid, create_date, modifyid, modify_date
  </sql>
  <select id="selectByPrimaryKey" resultMap="BaseResultMap" parameterType="java.lang.String" >
    select 
    <include refid="Base_Column_List" />
    from tc_weixin_config_log
    where id = #{id,jdbcType=CHAR}
  </select>
  <delete id="deleteByPrimaryKey" parameterType="java.lang.String" >
    delete from tc_weixin_config_log
    where id = #{id,jdbcType=CHAR}
  </delete>
  <insert id="insert" parameterType="com.gtercn.wowonderful.cms.entity.WeixinConfigLog" >
    insert into tc_weixin_config_log (id, configid, orgid, serviceid, 
      originalid, appid, appsecret, 
      token, encoding_mode, encoding_aeskey, 
      access_token, access_token_time, access_js_ticket, 
      access_js_ticket_time, createid, create_date, 
      modifyid, modify_date)
    values (#{id,jdbcType=CHAR}, #{configid,jdbcType=CHAR}, #{orgid,jdbcType=CHAR}, #{serviceid,jdbcType=CHAR}, 
      #{originalid,jdbcType=CHAR}, #{appid,jdbcType=CHAR}, #{appsecret,jdbcType=CHAR}, 
      #{token,jdbcType=CHAR}, #{encodingMode,jdbcType=CHAR}, #{encodingAeskey,jdbcType=CHAR}, 
      #{accessToken,jdbcType=CHAR}, #{accessTokenTime,jdbcType=TIMESTAMP}, #{accessJsTicket,jdbcType=CHAR}, 
      #{accessJsTicketTime,jdbcType=TIMESTAMP}, #{createid,jdbcType=VARCHAR}, now(), 
      #{modifyid,jdbcType=VARCHAR}, now())
  </insert>
  <insert id="insertSelective" parameterType="com.gtercn.wowonderful.cms.entity.WeixinConfigLog" >
    insert into tc_weixin_config_log
    <trim prefix="(" suffix=")" suffixOverrides="," >
      <if test="id != null" >
        id,
      </if>
      <if test="configid != null" >
        configid,
      </if>
      <if test="orgid != null" >
        orgid,
      </if>
      <if test="serviceid != null" >
        serviceid,
      </if>
      <if test="originalid != null" >
        originalid,
      </if>
      <if test="appid != null" >
        appid,
      </if>
      <if test="appsecret != null" >
        appsecret,
      </if>
      <if test="token != null" >
        token,
      </if>
      <if test="encodingMode != null" >
        encoding_mode,
      </if>
      <if test="encodingAeskey != null" >
        encoding_aeskey,
      </if>
      <if test="accessToken != null" >
        access_token,
      </if>
      <if test="accessTokenTime != null" >
        access_token_time,
      </if>
      <if test="accessJsTicket != null" >
        access_js_ticket,
      </if>
      <if test="accessJsTicketTime != null" >
        access_js_ticket_time,
      </if>
      <if test="createid != null" >
        createid,
      </if>
      <if test="createDate != null" >
        create_date,
      </if>
      <if test="modifyid != null" >
        modifyid,
      </if>
      <if test="modifyDate != null" >
        modify_date,
      </if>
    </trim>
    <trim prefix="values (" suffix=")" suffixOverrides="," >
      <if test="id != null" >
        #{id,jdbcType=CHAR},
      </if>
      <if test="configid != null" >
        #{configid,jdbcType=CHAR},
      </if>
      <if test="orgid != null" >
        #{orgid,jdbcType=CHAR},
      </if>
      <if test="serviceid != null" >
        #{serviceid,jdbcType=CHAR},
      </if>
      <if test="originalid != null" >
        #{originalid,jdbcType=CHAR},
      </if>
      <if test="appid != null" >
        #{appid,jdbcType=CHAR},
      </if>
      <if test="appsecret != null" >
        #{appsecret,jdbcType=CHAR},
      </if>
      <if test="token != null" >
        #{token,jdbcType=CHAR},
      </if>
      <if test="encodingMode != null" >
        #{encodingMode,jdbcType=CHAR},
      </if>
      <if test="encodingAeskey != null" >
        #{encodingAeskey,jdbcType=CHAR},
      </if>
      <if test="accessToken != null" >
        #{accessToken,jdbcType=CHAR},
      </if>
      <if test="accessTokenTime != null" >
        #{accessTokenTime,jdbcType=TIMESTAMP},
      </if>
      <if test="accessJsTicket != null" >
        #{accessJsTicket,jdbcType=CHAR},
      </if>
      <if test="accessJsTicketTime != null" >
        #{accessJsTicketTime,jdbcType=TIMESTAMP},
      </if>
      <if test="createid != null" >
        #{createid,jdbcType=VARCHAR},
      </if>
      <if test="createDate != null" >
        #{createDate,jdbcType=TIMESTAMP},
      </if>
      <if test="modifyid != null" >
        #{modifyid,jdbcType=VARCHAR},
      </if>
      <if test="modifyDate != null" >
        #{modifyDate,jdbcType=TIMESTAMP},
      </if>
    </trim>
  </insert>
  <update id="updateByPrimaryKeySelective" parameterType="com.gtercn.wowonderful.cms.entity.WeixinConfigLog" >
    update tc_weixin_config_log
    <set >
      <if test="configid != null" >
        configid = #{configid,jdbcType=CHAR},
      </if>
      <if test="orgid != null" >
        orgid = #{orgid,jdbcType=CHAR},
      </if>
      <if test="serviceid != null" >
        serviceid = #{serviceid,jdbcType=CHAR},
      </if>
      <if test="originalid != null" >
        originalid = #{originalid,jdbcType=CHAR},
      </if>
      <if test="appid != null" >
        appid = #{appid,jdbcType=CHAR},
      </if>
      <if test="appsecret != null" >
        appsecret = #{appsecret,jdbcType=CHAR},
      </if>
      <if test="token != null" >
        token = #{token,jdbcType=CHAR},
      </if>
      <if test="encodingMode != null" >
        encoding_mode = #{encodingMode,jdbcType=CHAR},
      </if>
      <if test="encodingAeskey != null" >
        encoding_aeskey = #{encodingAeskey,jdbcType=CHAR},
      </if>
      <if test="accessToken != null" >
        access_token = #{accessToken,jdbcType=CHAR},
      </if>
      <if test="accessTokenTime != null" >
        access_token_time = #{accessTokenTime,jdbcType=TIMESTAMP},
      </if>
      <if test="accessJsTicket != null" >
        access_js_ticket = #{accessJsTicket,jdbcType=CHAR},
      </if>
      <if test="accessJsTicketTime != null" >
        access_js_ticket_time = #{accessJsTicketTime,jdbcType=TIMESTAMP},
      </if>
      <if test="createid != null" >
        createid = #{createid,jdbcType=VARCHAR},
      </if>
      <if test="createDate != null" >
        create_date = #{createDate,jdbcType=TIMESTAMP},
      </if>
      <if test="modifyid != null" >
        modifyid = #{modifyid,jdbcType=VARCHAR},
      </if>
      <if test="modifyDate != null" >
        modify_date = #{modifyDate,jdbcType=TIMESTAMP},
      </if>
    </set>
    where id = #{id,jdbcType=CHAR}
  </update>
  <update id="updateByPrimaryKey" parameterType="com.gtercn.wowonderful.cms.entity.WeixinConfigLog" >
    update tc_weixin_config_log
    set configid = #{configid,jdbcType=CHAR},
      orgid = #{orgid,jdbcType=CHAR},
      serviceid = #{serviceid,jdbcType=CHAR},
      originalid = #{originalid,jdbcType=CHAR},
      appid = #{appid,jdbcType=CHAR},
      appsecret = #{appsecret,jdbcType=CHAR},
      token = #{token,jdbcType=CHAR},
      encoding_mode = #{encodingMode,jdbcType=CHAR},
      encoding_aeskey = #{encodingAeskey,jdbcType=CHAR},
      access_token = #{accessToken,jdbcType=CHAR},
      access_token_time = #{accessTokenTime,jdbcType=TIMESTAMP},
      access_js_ticket = #{accessJsTicket,jdbcType=CHAR},
      access_js_ticket_time = #{accessJsTicketTime,jdbcType=TIMESTAMP},
      createid = #{createid,jdbcType=VARCHAR},
      create_date = #{createDate,jdbcType=TIMESTAMP},
      modifyid = #{modifyid,jdbcType=VARCHAR},
      modify_date = #{modifyDate,jdbcType=TIMESTAMP}
    where id = #{id,jdbcType=CHAR}
  </update>




		<!-- SrcGen 添加的方法  -->

		<!-- 查询 -->
	
		<select id="queryAllData" resultMap="BaseResultMap" parameterType="java.util.Map">
			select * from tc_weixin_config_log
			<where>
			<if test="configid !=null and configid !=''">
			    and configid like concat(concat('%',#{configid,jdbcType=CHAR}),'%')
			</if>
			<if test="orgid !=null and orgid !=''">
			    and orgid like concat(concat('%',#{orgid,jdbcType=CHAR}),'%')
			</if>
			<if test="serviceid !=null and serviceid !=''">
			    and serviceid like concat(concat('%',#{serviceid,jdbcType=CHAR}),'%')
			</if>
			<if test="originalid !=null and originalid !=''">
			    and originalid like concat(concat('%',#{originalid,jdbcType=CHAR}),'%')
			</if>
			<if test="appid !=null and appid !=''">
			    and appid like concat(concat('%',#{appid,jdbcType=CHAR}),'%')
			</if>
			<if test="appsecret !=null and appsecret !=''">
			    and appsecret like concat(concat('%',#{appsecret,jdbcType=CHAR}),'%')
			</if>
			</where>
			order by modify_date desc
			limit #{beginResult}, #{pageSize}
		</select>

		<!-- 查询统计数据 -->
	
		<select id="getTotalCount" resultType="java.lang.Integer" parameterType="java.util.Map">
			select count(1) from tc_weixin_config_log
			<where>
			<if test="configid !=null and configid !=''">
			    and configid like concat(concat('%',#{configid,jdbcType=CHAR}),'%')
			</if>
			<if test="orgid !=null and orgid !=''">
			    and orgid like concat(concat('%',#{orgid,jdbcType=CHAR}),'%')
			</if>
			<if test="serviceid !=null and serviceid !=''">
			    and serviceid like concat(concat('%',#{serviceid,jdbcType=CHAR}),'%')
			</if>
			<if test="originalid !=null and originalid !=''">
			    and originalid like concat(concat('%',#{originalid,jdbcType=CHAR}),'%')
			</if>
			<if test="appid !=null and appid !=''">
			    and appid like concat(concat('%',#{appid,jdbcType=CHAR}),'%')
			</if>
			<if test="appsecret !=null and appsecret !=''">
			    and appsecret like concat(concat('%',#{appsecret,jdbcType=CHAR}),'%')
			</if>
			</where>
		</select>
	</mapper>