<?xml version="1.0" encoding="UTF-8" ?>
<!DOCTYPE struts PUBLIC "-//Apache Software Foundation//DTD Struts Configuration 2.1//EN" 
"http://struts.apache.org/dtds/struts-2.1.dtd">
<struts>
	<package name="weixinConfigLog" extends="json-default">
		<!-- weixinConfigLog : 微信配置LOG表-->
		<action name="weixinConfigLogAction" class="com.gtercn.wowonderful.cms.action.WeixinConfigLogAction">
			<result name="list"  >/jsp/weixinConfigLog/list.jsp</result>
			<result name="add"   >/jsp/weixinConfigLog/add.jsp</result>
			<result name="update">/jsp/weixinConfigLog/update.jsp</result>
		</action>
	</package>
</struts>    
