<?xml version="1.0" encoding="UTF-8" ?>
<!DOCTYPE struts PUBLIC "-//Apache Software Foundation//DTD Struts Configuration 2.1//EN" 
"http://struts.apache.org/dtds/struts-2.1.dtd">
<struts>
	<package name="weixinConfig" extends="json-default">
		<!-- weixinConfig : 微信配置表-->
		<action name="weixinConfigAction" class="com.gtercn.wowonderful.cms.action.WeixinConfigAction">
			<result name="list"  >/jsp/weixinConfig/list.jsp</result>
			<result name="add"   >/jsp/weixinConfig/add.jsp</result>
			<result name="update">/jsp/weixinConfig/update.jsp</result>
		</action>
	</package>
</struts>    
